{"ambient.cave":{"sounds":["ambient/cave/cave1","ambient/cave/cave2"],"replace":true},"music.menu":{"sounds":["music/menu/menu1","music/menu/The_Sand_Temple_Loop_G"],"replace":true},"record.11":{"sounds":["records/11"],"replace":true},"record.13":{"sounds":["records/13"],"replace":true},"record.blocks":{"sounds":["records/blocks"],"replace":true},"record.cat":{"sounds":["records/cat"],"replace":true},"record.chirp":{"sounds":["records/chirp"],"replace":true},"record.far":{"sounds":["records/far"],"replace":true},"record.mall":{"sounds":["records/mall"],"replace":true},"record.mellohi":{"sounds":["records/mellohi"],"replace":true},"block.iron_door.close":{"sounds":["block/iron_door/close1"],"replace":true},"block.iron_door.open":{"sounds":["block/iron_door/close1"],"replace":true},"block.stone.step":{"sounds":["step/stone1"],"replace":true},"music.game":{"sounds":["music/game/calm1","music/game/calm2","music/game/calm3","music/game/hal1","music/game/hal2"],"replace":true},"music.creative":{"sounds":["music/game/calm1","music/game/calm2","music/game/calm3","music/game/hal1","music/game/hal2"],"replace":true},"ui.button.click":{"sounds":["random/click"],"replace":true}}